,attribution,caption,comments,created_time,filter,id,images,likes,link,location,tags,type,user,users_in_photo
0,,"{u'created_time': u'1447178856', u'text': u'#nice #nofilter #school #street #study #goodtimes #brother #nothing #instagood #like4like #likeforlike #day #look #love #place', u'from': {u'username': u'mehdibernaoui', u'profile_picture': u'https://igcdn-photos-h-a.akamaihd.net/hphotos-ak-xpf1/t51.2885-19/s150x150/12120368_1487745278220407_217533677_a.jpg', u'id': u'1313367736', u'full_name': u''}, u'id': u'1115339546837042778'}","{u'count': 0, u'data': []}",1447178856,Normal,1115339542776956730_1313367736,"{u'low_resolution': {u'url': u'https://scontent.cdninstagram.com/hphotos-xpa1/t51.2885-15/s320x320/e35/12224466_947072025387246_688262900_n.jpg', u'width': 320, u'height': 320}, u'thumbnail': {u'url': u'https://scontent.cdninstagram.com/hphotos-xap1/t51.2885-15/s150x150/e35/c0.75.661.661/12237429_1041986005846775_1151536296_n.jpg', u'width': 150, u'height': 150}, u'standard_resolution': {u'url': u'https://scontent.cdninstagram.com/hphotos-xpa1/t51.2885-15/s640x640/sh0.08/e35/12224466_947072025387246_688262900_n.jpg', u'width': 640, u'height': 640}}","{u'count': 0, u'data': []}",https://instagram.com/p/96e2ejKsc6/,,"[u'school', u'like4like', u'love', u'look', u'study', u'brother', u'goodtimes', u'instagood', u'street', u'likeforlike', u'nothing', u'place', u'nofilter', u'day', u'nice']",image,"{u'username': u'mehdibernaoui', u'profile_picture': u'https://igcdn-photos-h-a.akamaihd.net/hphotos-ak-xpf1/t51.2885-19/s150x150/12120368_1487745278220407_217533677_a.jpg', u'id': u'1313367736', u'full_name': u''}",[]
1,,"{u'created_time': u'1447178853', u'text': u'#grapefruit #evening #dinner #supper #night #favorite #nofilter #diet #likeit #bethin #bebeautiful #insteadofdinner', u'from': {u'username': u'anna_lintu', u'profile_picture': u'https://scontent.cdninstagram.com/hphotos-xpa1/t51.2885-19/11378557_884705768269710_68755200_a.jpg', u'id': u'470406369', u'full_name': u'Anna_Lintu'}, u'id': u'1115339521023895941'}","{u'count': 0, u'data': []}",1447178853,Amaro,1115339516821203272_470406369,"{u'low_resolution': {u'url': u'https://scontent.cdninstagram.com/hphotos-xft1/t51.2885-15/s320x320/e35/12224130_430459020481464_654464444_n.jpg', u'width': 320, u'height': 320}, u'thumbnail': {u'url': u'https://scontent.cdninstagram.com/hphotos-xft1/t51.2885-15/s150x150/e35/12224130_430459020481464_654464444_n.jpg', u'width': 150, u'height': 150}, u'standard_resolution': {u'url': u'https://scontent.cdninstagram.com/hphotos-xft1/t51.2885-15/e35/12224130_430459020481464_654464444_n.jpg', u'width': 640, u'height': 640}}","{u'count': 1, u'data': [{u'username': u'anna_lintu', u'profile_picture': u'https://scontent.cdninstagram.com/hphotos-xpa1/t51.2885-19/11378557_884705768269710_68755200_a.jpg', u'id': u'470406369', u'full_name': u'Anna_Lintu'}]}",https://instagram.com/p/96e2GYFWlI/,,"[u'evening', u'bebeautiful', u'favorite', u'insteadofdinner', u'supper', u'likeit', u'diet', u'dinner', u'grapefruit', u'bethin', u'night', u'nofilter']",image,"{u'username': u'anna_lintu', u'profile_picture': u'https://scontent.cdninstagram.com/hphotos-xpa1/t51.2885-19/11378557_884705768269710_68755200_a.jpg', u'id': u'470406369', u'full_name': u'Anna_Lintu'}",[]
2,,"{u'created_time': u'1447178852', u'text': u'\U0001f49c\U0001f499\U0001f495\U0001f495\U0001f60d\n-\n-\n#animals #animal #pet #dog #cat #dogs #cats #cute #pets #love #selfie #nofilter  #instagramtags #webstagram #l4l #like4me #like4like #likeforme #like4follow #likeforlike #likeforliketeam #likeforfollowers #likeforlikealways #tags4follow #tagsforlikes #followme #follow4follow #followforfollow #tbt #photo', u'from': {u'username': u'spannendeunterhaltung', u'profile_picture': u'https://igcdn-photos-a-a.akamaihd.net/hphotos-ak-xft1/t51.2885-19/s150x150/11420843_1487751401528200_1103311646_a.jpg', u'id': u'2233926029', u'full_name': u'- Das Original'}, u'id': u'1115339522281839059'}","{u'count': 0, u'data': []}",1447178852,Normal,1115339515017304134_2233926029,"{u'low_resolution': {u'url': u'https://scontent.cdninstagram.com/hphotos-xtf1/t51.2885-15/s320x320/e35/12224572_900540453365561_798996580_n.jpg', u'width': 320, u'height': 320}, u'thumbnail': {u'url': u'https://scontent.cdninstagram.com/hphotos-xtf1/t51.2885-15/s150x150/e35/12224572_900540453365561_798996580_n.jpg', u'width': 150, u'height': 150}, u'standard_resolution': {u'url': u'https://scontent.cdninstagram.com/hphotos-xtf1/t51.2885-15/s320x320/e35/12224572_900540453365561_798996580_n.jpg', u'width': 320, u'height': 320}}","{u'count': 0, u'data': []}",https://instagram.com/p/96e2EskBhG/,,"[u'cute', u'instagramtags', u'love', u'likeforlikealways', u'photo', u'selfie', u'tbt', u'like4like', u'likeforfollowers', u'tags4follow', u'follow4follow', u'like4me', u'likeforliketeam', u'dogs', u'nofilter', u'animals', u'followme', u'pet', u'dog', u'cat', u'tagsforlikes', u'followforfollow', u'cats', u'likeforlike', u'animal', u'webstagram', u'like4follow', u'pets', u'likeforme', u'l4l']",image,"{u'username': u'spannendeunterhaltung', u'profile_picture': u'https://igcdn-photos-a-a.akamaihd.net/hphotos-ak-xft1/t51.2885-19/s150x150/11420843_1487751401528200_1103311646_a.jpg', u'id': u'2233926029', u'full_name': u'- Das Original'}",[]
3,,"{u'created_time': u'1447178852', u'text': u'Dinner with my family \U0001f60f\n\n#me #myself #igers #nofilter #instalike #likeforfollow #likeme #like4like #instafollow #followmeplease #follow4follow #followme #girl #instalove #happy #tagsforlikesapp #tweegram #instashot #instasize #dinner #dinnertime', u'from': {u'username': u'silviaapolini', u'profile_picture': u'https://igcdn-photos-h-a.akamaihd.net/hphotos-ak-xpa1/t51.2885-19/s150x150/12070782_1609888129277039_974437592_a.jpg', u'id': u'200561182', u'full_name': u'Silvia Polini'}, u'id': u'1115339519689916076'}","{u'count': 0, u'data': []}",1447178852,Rise,1115339513138413460_200561182,"{u'low_resolution': {u'url': u'https://scontent.cdninstagram.com/hphotos-xpt1/t51.2885-15/s320x320/e35/12230792_185033065175358_941624619_n.jpg', u'width': 320, u'height': 320}, u'thumbnail': {u'url': u'https://scontent.cdninstagram.com/hphotos-xpt1/t51.2885-15/s150x150/e35/12230792_185033065175358_941624619_n.jpg', u'width': 150, u'height': 150}, u'standard_resolution': {u'url': u'https://scontent.cdninstagram.com/hphotos-xpt1/t51.2885-15/s640x640/sh0.08/e35/12230792_185033065175358_941624619_n.jpg', u'width': 640, u'height': 640}}","{u'count': 0, u'data': []}",https://instagram.com/p/96e2C8kn-U/,,"[u'likeme', u'likeforfollow', u'tagsforlikesapp', u'igers', u'follow4follow', u'instalove', u'girl', u'me', u'happy', u'myself', u'like4like', u'instafollow', u'instasize', u'dinner', u'dinnertime', u'instalike', u'instashot', u'nofilter', u'tweegram', u'followme', u'followmeplease']",image,"{u'username': u'silviaapolini', u'profile_picture': u'https://igcdn-photos-h-a.akamaihd.net/hphotos-ak-xpa1/t51.2885-19/s150x150/12070782_1609888129277039_974437592_a.jpg', u'id': u'200561182', u'full_name': u'Silvia Polini'}",[]
4,,"{u'created_time': u'1447178852', u'text': u'#nofilter #cazamomentos \U0001f30d \U0001f52c \u27a1 #love #goprolife #goprouniverse #goprophotography #gopro #goprooftheday #newyork #newyorkcity #newyorknewyork #empirestatebuilding #empirestate #topoftherock #rokefellercenter #skyline #igworldclub #total_city #ig_captures #world #igersoftheday #myworld #trip #traveller #instatravel #travelgram #travelingram #blackandwhite #great_photoworld_night #travelworld', u'from': {u'username': u'psanchezluengo', u'profile_picture': u'https://igcdn-photos-d-a.akamaihd.net/hphotos-ak-xtp1/t51.2885-19/s150x150/11374161_1159312674083675_1867066656_a.jpg', u'id': u'47451988', u'full_name': u'Pablo S\xe1nchez-Luengo Jim\xe9nez'}, u'id': u'1115339520303109549'}","{u'count': 0, u'data': []}",1447178852,Normal,1115339512182937190_47451988,"{u'low_resolution': {u'url': u'https://scontent.cdninstagram.com/hphotos-xap1/t51.2885-15/s320x320/e35/11356630_1390245687949051_634524249_n.jpg', u'width': 320, u'height': 320}, u'thumbnail': {u'url': u'https://scontent.cdninstagram.com/hphotos-xap1/t51.2885-15/s150x150/e35/11356630_1390245687949051_634524249_n.jpg', u'width': 150, u'height': 150}, u'standard_resolution': {u'url': u'https://scontent.cdninstagram.com/hphotos-xap1/t51.2885-15/e35/11356630_1390245687949051_634524249_n.jpg', u'width': 640, u'height': 640}}","{u'count': 0, u'data': []}",https://instagram.com/p/96e2CDnxZm/,,"[u'love', u'newyorkcity', u'blackandwhite', u'igworldclub', u'newyork', u'empirestate', u'goprooftheday', u'travelingram', u'myworld', u'instatravel', u'world', u'goprophotography', u'cazamomentos', u'trip', u'igersoftheday', u'rokefellercenter', u'ig_captures', u'travelworld', u'newyorknewyork', u'total_city', u'great_photoworld_night', u'traveller', u'skyline', u'goprouniverse', u'topoftherock', u'gopro', u'travelgram', u'empirestatebuilding', u'nofilter', u'goprolife']",image,"{u'username': u'psanchezluengo', u'profile_picture': u'https://igcdn-photos-d-a.akamaihd.net/hphotos-ak-xtp1/t51.2885-19/s150x150/11374161_1159312674083675_1867066656_a.jpg', u'id': u'47451988', u'full_name': u'Pablo S\xe1nchez-Luengo Jim\xe9nez'}",[]
5,,"{u'created_time': u'1447178852', u'text': u'Meu anivers\xe1rio foi assim... Maravilhoso... #mypresenttomyself #cataratas #Iguassufalls #argentina #places #peace #happybirthdaytome #nofilter', u'from': {u'username': u'deby_oliver', u'profile_picture': u'https://scontent.cdninstagram.com/hphotos-xfp1/t51.2885-19/s150x150/11925712_879959335375251_658511348_a.jpg', u'id': u'303066148', u'full_name': u'D\xe9bora de Oliveira'}, u'id': u'1115339513557808517'}","{u'count': 0, u'data': []}",1447178852,Normal,1115339510034593221_303066148,"{u'low_resolution': {u'url': u'https://scontent.cdninstagram.com/hphotos-xpa1/t51.2885-15/s320x320/e35/12106278_1000824823310770_1975420240_n.jpg', u'width': 320, u'height': 320}, u'thumbnail': {u'url': u'https://scontent.cdninstagram.com/hphotos-xpa1/t51.2885-15/s150x150/e35/12106278_1000824823310770_1975420240_n.jpg', u'width': 150, u'height': 150}, u'standard_resolution': {u'url': u'https://scontent.cdninstagram.com/hphotos-xpa1/t51.2885-15/s640x640/sh0.08/e35/12106278_1000824823310770_1975420240_n.jpg', u'width': 640, u'height': 640}}","{u'count': 0, u'data': []}",https://instagram.com/p/96e2ADkfXF/,"{u'latitude': -25.969905, u'name': u'Garganta del Diablo - Parque Nacional Iguaz\xfa - Argentina', u'longitude': -54.57936, u'id': 214886692}","[u'places', u'peace', u'mypresenttomyself', u'cataratas', u'iguassufalls', u'happybirthdaytome', u'argentina', u'nofilter']",image,"{u'username': u'deby_oliver', u'profile_picture': u'https://scontent.cdninstagram.com/hphotos-xfp1/t51.2885-19/s150x150/11925712_879959335375251_658511348_a.jpg', u'id': u'303066148', u'full_name': u'D\xe9bora de Oliveira'}",[]
6,,"{u'created_time': u'1447178852', u'text': u'#nofilter #TagsForLikesApp #TagsForLikes.com #webstagram #follow4follow #iphoneonly #instago #pretty #l4l #my #style #family #instacool #life #hair #instafollow #likeforlike #instagood #20likes #funny #colorful  #bored #look #lol #tweegram #all_shots #nice #cool', u'from': {u'username': u'clarissabartucci', u'profile_picture': u'https://scontent.cdninstagram.com/hphotos-xat1/t51.2885-19/s150x150/12139849_1711146679115540_1165955215_a.jpg', u'id': u'536802328', u'full_name': u'Clarissa'}, u'id': u'1115339515756832546'}","{u'count': 0, u'data': []}",1447178852,Normal,1115339509666702573_536802328,"{u'low_resolution': {u'url': u'https://scontent.cdninstagram.com/hphotos-xtp1/t51.2885-15/s320x320/e35/11372365_164648337221112_1189808600_n.jpg', u'width': 320, u'height': 320}, u'thumbnail': {u'url': u'https://scontent.cdninstagram.com/hphotos-xtp1/t51.2885-15/s150x150/e35/11372365_164648337221112_1189808600_n.jpg', u'width': 150, u'height': 150}, u'standard_resolution': {u'url': u'https://scontent.cdninstagram.com/hphotos-xtp1/t51.2885-15/s480x480/e35/11372365_164648337221112_1189808600_n.jpg', u'width': 480, u'height': 480}}","{u'count': 0, u'data': []}",https://instagram.com/p/96e1_tpGTt/,,"[u'l4l', u'life', u'family', u'look', u'nofilter', u'hair', u'tagsforlikesapp', u'instago', u'all_shots', u'follow4follow', u'my', u'cool', u'funny', u'style', u'webstagram', u'colorful', u'instafollow', u'iphoneonly', u'20likes', u'lol', u'instagood', u'tagsforlikes', u'instacool', u'likeforlike', u'pretty', u'bored', u'tweegram', u'nice']",image,"{u'username': u'clarissabartucci', u'profile_picture': u'https://scontent.cdninstagram.com/hphotos-xat1/t51.2885-19/s150x150/12139849_1711146679115540_1165955215_a.jpg', u'id': u'536802328', u'full_name': u'Clarissa'}",[]
7,,"{u'created_time': u'1447178851', u'text': u'#wanderlust #bhibhor_sahib #nangaldam #himalayas #water #manmadelake #nofilter', u'from': {u'username': u'akangotra1', u'profile_picture': u'https://scontent.cdninstagram.com/hphotos-xpf1/t51.2885-19/11906329_960233084022564_1448528159_a.jpg', u'id': u'486967605', u'full_name': u'Abhishek Kangotra'}, u'id': u'1115339509155281099'}","{u'count': 0, u'data': []}",1447178851,Clarendon,1115339507259455974_486967605,"{u'low_resolution': {u'url': u'https://scontent.cdninstagram.com/hphotos-xfa1/t51.2885-15/s320x320/e35/11427373_403168026547652_460626416_n.jpg', u'width': 320, u'height': 320}, u'thumbnail': {u'url': u'https://scontent.cdninstagram.com/hphotos-xfa1/t51.2885-15/s150x150/e35/11427373_403168026547652_460626416_n.jpg', u'width': 150, u'height': 150}, u'standard_resolution': {u'url': u'https://scontent.cdninstagram.com/hphotos-xfa1/t51.2885-15/s640x640/sh0.08/e35/11427373_403168026547652_460626416_n.jpg', u'width': 640, u'height': 640}}","{u'count': 0, u'data': []}",https://instagram.com/p/96e19eKLnm/,,"[u'water', u'wanderlust', u'nofilter', u'manmadelake', u'nangaldam', u'himalayas', u'bhibhor_sahib']",image,"{u'username': u'akangotra1', u'profile_picture': u'https://scontent.cdninstagram.com/hphotos-xpf1/t51.2885-19/11906329_960233084022564_1448528159_a.jpg', u'id': u'486967605', u'full_name': u'Abhishek Kangotra'}",[]
8,,"{u'created_time': u'1447178851', u'text': u'Lomo, born today. #nofilter #foodporn #instafood #workwithyourhands #cookwithlove #brickfarmarketbutchershop', u'from': {u'username': u'bednarekbrian', u'profile_picture': u'https://scontent.cdninstagram.com/hphotos-frc/t51.2885-19/10584801_770092739720952_2011829522_a.jpg', u'id': u'1450123833', u'full_name': u'Brian Bednarek'}, u'id': u'1115339508309289014'}","{u'count': 0, u'data': []}",1447178851,Normal,1115339504383421047_1450123833,"{u'low_resolution': {u'url': u'https://scontent.cdninstagram.com/hphotos-xat1/t51.2885-15/s320x320/e35/11419193_872873729499431_2101636788_n.jpg', u'width': 320, u'height': 320}, u'thumbnail': {u'url': u'https://scontent.cdninstagram.com/hphotos-xfp1/t51.2885-15/s150x150/e35/c187.0.706.706/12093417_1490593844576929_599046306_n.jpg', u'width': 150, u'height': 150}, u'standard_resolution': {u'url': u'https://scontent.cdninstagram.com/hphotos-xat1/t51.2885-15/s640x640/sh0.08/e35/11419193_872873729499431_2101636788_n.jpg', u'width': 640, u'height': 640}}","{u'count': 0, u'data': []}",https://instagram.com/p/96e16yu-p3/,,"[u'instafood', u'brickfarmarketbutchershop', u'foodporn', u'cookwithlove', u'workwithyourhands', u'nofilter']",image,"{u'username': u'bednarekbrian', u'profile_picture': u'https://scontent.cdninstagram.com/hphotos-frc/t51.2885-19/10584801_770092739720952_2011829522_a.jpg', u'id': u'1450123833', u'full_name': u'Brian Bednarek'}",[]
9,,"{u'created_time': u'1447178851', u'text': u'Sometimes you need a #nomakeup and #nofilter selfie to remind you of who you are :)', u'from': {u'username': u'aonele', u'profile_picture': u'https://igcdn-photos-b-a.akamaihd.net/hphotos-ak-xft1/t51.2885-19/11417458_401941006673857_1070916209_a.jpg', u'id': u'176927817', u'full_name': u''}, u'id': u'1115339508979337758'}","{u'count': 0, u'data': []}",1447178851,Normal,1115339501849020441_176927817,"{u'low_resolution': {u'url': u'https://scontent.cdninstagram.com/hphotos-xtf1/t51.2885-15/s320x320/e35/12224343_116833925347048_1810937156_n.jpg', u'width': 320, u'height': 320}, u'thumbnail': {u'url': u'https://scontent.cdninstagram.com/hphotos-xtf1/t51.2885-15/s150x150/e35/12224343_116833925347048_1810937156_n.jpg', u'width': 150, u'height': 150}, u'standard_resolution': {u'url': u'https://scontent.cdninstagram.com/hphotos-xtf1/t51.2885-15/s640x640/sh0.08/e35/12224343_116833925347048_1810937156_n.jpg', u'width': 640, u'height': 640}}","{u'count': 0, u'data': []}",https://instagram.com/p/96e14brAgZ/,,"[u'nomakeup', u'nofilter']",image,"{u'username': u'aonele', u'profile_picture': u'https://igcdn-photos-b-a.akamaihd.net/hphotos-ak-xft1/t51.2885-19/11417458_401941006673857_1070916209_a.jpg', u'id': u'176927817', u'full_name': u''}",[]
10,,"{u'created_time': u'1447178850', u'text': u'Poco prima del decollo. / Just before take-off.\n#color #fly #flying #fun #ig_italia #instacool #instago #instagood #instagram #instamood #instatravel #mywindowseat #nofilter #photooftheday #picoftheday #travel #travelgram #windowseat #worldogram', u'from': {u'username': u'pgfou', u'profile_picture': u'https://igcdn-photos-h-a.akamaihd.net/hphotos-ak-xtf1/t51.2885-19/10541995_1484468691810063_1917928672_a.jpg', u'id': u'313259455', u'full_name': u''}, u'id': u'1115339503444533876'}","{u'count': 0, u'data': []}",1447178850,Normal,1115339498881131030_313259455,"{u'low_resolution': {u'url': u'https://scontent.cdninstagram.com/hphotos-xft1/t51.2885-15/s320x320/e35/12224294_559259504239833_1398266243_n.jpg', u'width': 320, u'height': 320}, u'thumbnail': {u'url': u'https://scontent.cdninstagram.com/hphotos-xft1/t51.2885-15/s150x150/e35/12224294_559259504239833_1398266243_n.jpg', u'width': 150, u'height': 150}, u'standard_resolution': {u'url': u'https://scontent.cdninstagram.com/hphotos-xft1/t51.2885-15/s640x640/sh0.08/e35/12224294_559259504239833_1398266243_n.jpg', u'width': 640, u'height': 640}}","{u'count': 0, u'data': []}",https://instagram.com/p/96e11qxaIW/,"{u'latitude': 41.795965003, u'name': u'Fiumicino Airport Rome Italy', u'longitude': 12.252763488, u'id': 221795373}","[u'mywindowseat', u'color', u'instago', u'instatravel', u'instamood', u'instagram', u'fly', u'travel', u'flying', u'instagood', u'ig_italia', u'instacool', u'worldogram', u'windowseat', u'travelgram', u'fun', u'nofilter', u'picoftheday', u'photooftheday']",image,"{u'username': u'pgfou', u'profile_picture': u'https://igcdn-photos-h-a.akamaihd.net/hphotos-ak-xtf1/t51.2885-19/10541995_1484468691810063_1917928672_a.jpg', u'id': u'313259455', u'full_name': u''}",[]
11,,"{u'created_time': u'1447178850', u'text': u'\u2022 Nuvolette rosa \u2601\ufe0f\U0001f495 \u2022 #sunset #pinkclouds #love #instagood #photooftheday #cute #beautiful #me #happy #tbt #followme #picoftheday #fashion #summer #selfie #fun #girl #friend #instadaily #smile #like4like #instamood #igers #bestoftheday #amazing #repost #family #nofilter #instalike', u'from': {u'username': u'marticindy', u'profile_picture': u'https://scontent.cdninstagram.com/hphotos-xtp1/t51.2885-19/s150x150/12093290_952834191446191_337461785_a.jpg', u'id': u'181712056', u'full_name': u'\u2133 a r t i n a \U0001f451'}, u'id': u'1115339494197830910'}","{u'count': 0, u'data': []}",1447178850,Normal,1115339492218119837_181712056,"{u'low_resolution': {u'url': u'https://scontent.cdninstagram.com/hphotos-xpf1/l/t51.2885-15/s320x320/e35/10471848_1138998966117773_456081755_n.jpg', u'width': 320, u'height': 320}, u'thumbnail': {u'url': u'https://scontent.cdninstagram.com/hphotos-xpf1/l/t51.2885-15/s150x150/e35/10471848_1138998966117773_456081755_n.jpg', u'width': 150, u'height': 150}, u'standard_resolution': {u'url': u'https://scontent.cdninstagram.com/hphotos-xpf1/l/t51.2885-15/s640x640/sh0.08/e35/10471848_1138998966117773_456081755_n.jpg', u'width': 640, u'height': 640}}","{u'count': 0, u'data': []}",https://instagram.com/p/96e1vdoCad/,,"[u'beautiful', u'cute', u'fashion', u'love', u'family', u'summer', u'instalike', u'selfie', u'tbt', u'igers', u'instadaily', u'instamood', u'pinkclouds', u'girl', u'sunset', u'repost', u'me', u'nofilter', u'followme', u'instagood', u'amazing', u'bestoftheday', u'photooftheday', u'fun', u'smile', u'like4like', u'picoftheday', u'friend', u'happy']",image,"{u'username': u'marticindy', u'profile_picture': u'https://scontent.cdninstagram.com/hphotos-xtp1/t51.2885-19/s150x150/12093290_952834191446191_337461785_a.jpg', u'id': u'181712056', u'full_name': u'\u2133 a r t i n a \U0001f451'}",[]
12,,"{u'created_time': u'1447178850', u'text': u'My brother has finally decided to join the 21st century and get himself on Instagram! \U0001f389 @joshpotter12345 #Brother #Instagram #21stCentury #Woo #Finally #Throwback #Summer #Sunbathing #Swag #Dog #Alfie #SpringerSpaniel #Love #NoFilter #FollowBack #Follow4Follow', u'from': {u'username': u'amberlouise_p', u'profile_picture': u'https://scontent.cdninstagram.com/hphotos-xta1/t51.2885-19/s150x150/12081256_435453073313399_96180585_a.jpg', u'id': u'1788246480', u'full_name': u'\U0001f338 Amber Potter \U0001f338'}, u'id': u'1115339493702313907'}","{u'count': 0, u'data': []}",1447178850,Normal,1115339490992793168_1788246480,"{u'low_resolution': {u'url': u'https://scontent.cdninstagram.com/hphotos-xtp1/t51.2885-15/s320x320/e35/11374241_1489131668058312_95670641_n.jpg', u'width': 320, u'height': 320}, u'thumbnail': {u'url': u'https://scontent.cdninstagram.com/hphotos-xtp1/t51.2885-15/s150x150/e35/11374241_1489131668058312_95670641_n.jpg', u'width': 150, u'height': 150}, u'standard_resolution': {u'url': u'https://scontent.cdninstagram.com/hphotos-xtp1/t51.2885-15/s640x640/sh0.08/e35/11374241_1489131668058312_95670641_n.jpg', u'width': 640, u'height': 640}}","{u'count': 0, u'data': []}",https://instagram.com/p/96e1uUlyZQ/,"{u'latitude': 51.2842, u'name': u'Midsomer Norton', u'longitude': -2.4817, u'id': 228459854}","[u'summer', u'love', u'instagram', u'dog', u'follow4follow', u'throwback', u'followback', u'springerspaniel', u'21stcentury', u'swag', u'finally', u'sunbathing', u'brother', u'woo', u'alfie', u'nofilter']",image,"{u'username': u'amberlouise_p', u'profile_picture': u'https://scontent.cdninstagram.com/hphotos-xta1/t51.2885-19/s150x150/12081256_435453073313399_96180585_a.jpg', u'id': u'1788246480', u'full_name': u'\U0001f338 Amber Potter \U0001f338'}","[{u'position': {u'y': 0.258666667, u'x': 0.494666667}, u'user': {u'username': u'joshpotter12345', u'profile_picture': u'https://scontent.cdninstagram.com/hphotos-xpt1/t51.2885-19/11296920_1217146841635410_1453496091_a.jpg', u'id': u'2272539250', u'full_name': u'Josh Potter'}}]"
13,,"{u'created_time': u'1447178849', u'text': u'I see you So. Fla. #southflorida #prettyasapicture #waitthisisapicture #lake #nofilter #miamilife', u'from': {u'username': u'kay.gee.bee', u'profile_picture': u'https://igcdn-photos-h-a.akamaihd.net/hphotos-ak-xfa1/t51.2885-19/11007773_1078036902210559_1506405978_a.jpg', u'id': u'1398155103', u'full_name': u'Kayleigh Bush'}, u'id': u'1115339492358726091'}","{u'count': 0, u'data': []}",1447178849,Normal,1115339489540154359_1398155103,"{u'low_resolution': {u'url': u'https://scontent.cdninstagram.com/hphotos-xfp1/t51.2885-15/s320x320/e35/11379987_1634327096817904_112616077_n.jpg', u'width': 320, u'height': 320}, u'thumbnail': {u'url': u'https://scontent.cdninstagram.com/hphotos-xap1/t51.2885-15/s150x150/e35/c135.0.810.810/12142610_949212758482263_2131319939_n.jpg', u'width': 150, u'height': 150}, u'standard_resolution': {u'url': u'https://scontent.cdninstagram.com/hphotos-xfp1/t51.2885-15/s640x640/sh0.08/e35/11379987_1634327096817904_112616077_n.jpg', u'width': 640, u'height': 640}}","{u'count': 0, u'data': []}",https://instagram.com/p/96e1s-AaP3/,"{u'latitude': 25.67067554, u'name': u'Hammocks Lake', u'longitude': -80.435056993, u'id': 3742843}","[u'miamilife', u'waitthisisapicture', u'prettyasapicture', u'southflorida', u'nofilter', u'lake']",image,"{u'username': u'kay.gee.bee', u'profile_picture': u'https://igcdn-photos-h-a.akamaihd.net/hphotos-ak-xfa1/t51.2885-19/11007773_1078036902210559_1506405978_a.jpg', u'id': u'1398155103', u'full_name': u'Kayleigh Bush'}",[]
14,,"{u'created_time': u'1447178849', u'text': u'@#fitnesslifestyle#fitspiration#fitspo#fitfam#fitnessaddict#fitnessinspiration#fitnessmotivation#fitnessfreak#instafit#instagramfitness#teeny#boy#bodybulding#determination#motivations#excersise#nutrition#gymlife#gymswag#muscle#ig_fitness_freaks#abs#shredded#physique#followme#girl#me#nofilter#respect', u'from': {u'username': u'tugayksp', u'profile_picture': u'https://scontent.cdninstagram.com/hphotos-xap1/t51.2885-19/s150x150/12093604_604356339703367_200817790_a.jpg', u'id': u'2226925764', u'full_name': u'\ufe0fTugaykasap'}, u'id': u'1115339491092723115'}","{u'count': 0, u'data': []}",1447178849,Clarendon,1115339484079847349_2226925764,"{u'low_resolution': {u'url': u'https://scontent.cdninstagram.com/hphotos-xtf1/t51.2885-15/s320x320/e35/12224551_1451722111546278_705391651_n.jpg', u'width': 320, u'height': 320}, u'thumbnail': {u'url': u'https://scontent.cdninstagram.com/hphotos-xtf1/t51.2885-15/s150x150/e35/12224551_1451722111546278_705391651_n.jpg', u'width': 150, u'height': 150}, u'standard_resolution': {u'url': u'https://scontent.cdninstagram.com/hphotos-xtf1/t51.2885-15/s640x640/sh0.08/e35/12224551_1451722111546278_705391651_n.jpg', u'width': 640, u'height': 640}}","{u'count': 0, u'data': []}",https://instagram.com/p/96e1n4i_e1/,,"[u'nutrition', u'gymswag', u'fitfam', u'fitspiration', u'fitnessmotivation', u'fitnesslifestyle', u'me', u'instagramfitness', u'determination', u'respect', u'girl', u'ig_fitness_freaks', u'motivations', u'boy', u'nofilter', u'gymlife', u'physique', u'bodybulding', u'fitnessaddict', u'followme', u'teeny', u'abs', u'fitnessinspiration', u'shredded', u'excersise', u'muscle', u'fitnessfreak', u'instafit', u'fitspo']",image,"{u'username': u'tugayksp', u'profile_picture': u'https://scontent.cdninstagram.com/hphotos-xap1/t51.2885-19/s150x150/12093604_604356339703367_200817790_a.jpg', u'id': u'2226925764', u'full_name': u'\ufe0fTugaykasap'}",[]
15,,"{u'created_time': u'1447178848', u'text': u'Etna \U0001f30b\n\n#flight#life#nofilter#tagsforlikes#love#stateofmind#aforism#instalike#instagood#cute#followme#photooftheday#luck#picoftheday#happy#beautiful#selfie#girl#like4like#l4l#likeforlike#fashion#style#fun#fashion#funnypicture#goodpic', u'from': {u'username': u'federyz', u'profile_picture': u'https://scontent.cdninstagram.com/hphotos-xpf1/t51.2885-19/s150x150/11881694_614183842058232_2047808782_a.jpg', u'id': u'374489827', u'full_name': u'Federica\U0001f30a'}, u'id': u'1115339489763095271'}","{u'count': 0, u'data': []}",1447178848,Normal,1115339483068986090_374489827,"{u'low_resolution': {u'url': u'https://scontent.cdninstagram.com/hphotos-xpa1/t51.2885-15/s320x320/e35/11190354_1056797954341899_463234109_n.jpg', u'width': 320, u'height': 320}, u'thumbnail': {u'url': u'https://scontent.cdninstagram.com/hphotos-xpa1/t51.2885-15/s150x150/e35/11190354_1056797954341899_463234109_n.jpg', u'width': 150, u'height': 150}, u'standard_resolution': {u'url': u'https://scontent.cdninstagram.com/hphotos-xpa1/t51.2885-15/s640x640/sh0.08/e35/11190354_1056797954341899_463234109_n.jpg', u'width': 640, u'height': 640}}","{u'count': 0, u'data': []}",https://instagram.com/p/96e1m8S3Lq/,,"[u'beautiful', u'cute', u'life', u'fashion', u'love', u'goodpic', u'l4l', u'instalike', u'selfie', u'nofilter', u'luck', u'flight', u'girl', u'instagood', u'aforism', u'style', u'like4like', u'picoftheday', u'tagsforlikes', u'likeforlike', u'photooftheday', u'funnypicture', u'fun', u'stateofmind', u'followme', u'happy']",image,"{u'username': u'federyz', u'profile_picture': u'https://scontent.cdninstagram.com/hphotos-xpf1/t51.2885-19/s150x150/11881694_614183842058232_2047808782_a.jpg', u'id': u'374489827', u'full_name': u'Federica\U0001f30a'}",[]
16,,"{u'created_time': u'1447178848', u'text': u'That sky tho \U0001f60d\u26c5 #nofilter', u'from': {u'username': u'veronikarull', u'profile_picture': u'https://scontent.cdninstagram.com/hphotos-xtp1/t51.2885-19/s150x150/12107531_1695845487293481_146718782_a.jpg', u'id': u'293087955', u'full_name': u'Veronika'}, u'id': u'1115339488880374098'}","{u'count': 0, u'data': []}",1447178848,Normal,1115339479443190335_293087955,"{u'low_resolution': {u'url': u'https://scontent.cdninstagram.com/hphotos-xpt1/t51.2885-15/s320x320/e35/12142650_966455073402462_450654201_n.jpg', u'width': 320, u'height': 320}, u'thumbnail': {u'url': u'https://scontent.cdninstagram.com/hphotos-xtp1/t51.2885-15/s150x150/e35/c0.135.1080.1080/11374246_1085732594794357_354925761_n.jpg', u'width': 150, u'height': 150}, u'standard_resolution': {u'url': u'https://scontent.cdninstagram.com/hphotos-xpt1/t51.2885-15/s640x640/sh0.08/e35/12142650_966455073402462_450654201_n.jpg', u'width': 640, u'height': 640}}","{u'count': 0, u'data': []}",https://instagram.com/p/96e1jkLjI_/,,[u'nofilter'],image,"{u'username': u'veronikarull', u'profile_picture': u'https://scontent.cdninstagram.com/hphotos-xtp1/t51.2885-19/s150x150/12107531_1695845487293481_146718782_a.jpg', u'id': u'293087955', u'full_name': u'Veronika'}",[]
17,,"{u'created_time': u'1447178848', u'text': u'#Bodrum #Turkey #evening #freetime #nofilter #quiteboring #endofseason #butlovethisplace \u2764', u'from': {u'username': u'szczepankowaaa', u'profile_picture': u'https://igcdn-photos-a-a.akamaihd.net/hphotos-ak-xft1/t51.2885-19/s150x150/11820595_956882141055416_594240222_a.jpg', u'id': u'337472705', u'full_name': u'Oliwia Szczepanek'}, u'id': u'1115339481447811249'}","{u'count': 0, u'data': []}",1447178848,Normal,1115339477001848922_337472705,"{u'low_resolution': {u'url': u'https://scontent.cdninstagram.com/hphotos-xaf1/t51.2885-15/s320x320/e35/11950746_168763350142063_1936860610_n.jpg', u'width': 320, u'height': 320}, u'thumbnail': {u'url': u'https://scontent.cdninstagram.com/hphotos-xfp1/t51.2885-15/s150x150/e35/c236.0.608.608/12230894_953321008051156_1402539022_n.jpg', u'width': 150, u'height': 150}, u'standard_resolution': {u'url': u'https://scontent.cdninstagram.com/hphotos-xaf1/t51.2885-15/s640x640/sh0.08/e35/11950746_168763350142063_1936860610_n.jpg', u'width': 640, u'height': 640}}","{u'count': 0, u'data': []}",https://instagram.com/p/96e1hSqkha/,"{u'latitude': 37.0383, u'name': u'Bodrum, Mu\u011fla', u'longitude': 27.4292, u'id': 213715762}","[u'turkey', u'evening', u'quiteboring', u'butlovethisplace', u'bodrum', u'freetime', u'nofilter', u'endofseason']",image,"{u'username': u'szczepankowaaa', u'profile_picture': u'https://igcdn-photos-a-a.akamaihd.net/hphotos-ak-xft1/t51.2885-19/s150x150/11820595_956882141055416_594240222_a.jpg', u'id': u'337472705', u'full_name': u'Oliwia Szczepanek'}",[]
18,,"{u'created_time': u'1447178847', u'text': u'hello love #instagood #me #cute #tbt #photooftheday #instamood #iphonesia #tweegram #picoftheday #igers #girl #beautiful #instadaily #summer #instagramhub #iphoneonly #follow #igdaily #bestoftheday #happy #picstitch #tagblender #jj #sky #nofilter #fashion #followme #fun #sun', u'from': {u'username': u'augustisci', u'profile_picture': u'https://scontent.cdninstagram.com/hphotos-xtp1/t51.2885-19/s150x150/10949039_1667410833544093_1826982460_a.jpg', u'id': u'2175535682', u'full_name': u''}, u'id': u'1115339475959589957'}","{u'count': 0, u'data': []}",1447178847,Normal,1115339473174572627_2175535682,"{u'low_resolution': {u'url': u'https://scontent.cdninstagram.com/hphotos-xap1/t51.2885-15/s320x320/e35/12224428_900302576683894_1622284735_n.jpg', u'width': 320, u'height': 320}, u'thumbnail': {u'url': u'https://scontent.cdninstagram.com/hphotos-xap1/t51.2885-15/s150x150/e35/12224428_900302576683894_1622284735_n.jpg', u'width': 150, u'height': 150}, u'standard_resolution': {u'url': u'https://scontent.cdninstagram.com/hphotos-xap1/t51.2885-15/s640x640/sh0.08/e35/12224428_900302576683894_1622284735_n.jpg', u'width': 640, u'height': 640}}","{u'count': 0, u'data': []}",https://instagram.com/p/96e1duiq5T/,,"[u'beautiful', u'cute', u'picstitch', u'fashion', u'summer', u'tbt', u'fun', u'igers', u'jj', u'follow', u'instadaily', u'instamood', u'instagramhub', u'me', u'tagblender', u'nofilter', u'followme', u'girl', u'sun', u'iphoneonly', u'sky', u'iphonesia', u'instagood', u'bestoftheday', u'igdaily', u'photooftheday', u'tweegram', u'picoftheday', u'happy']",image,"{u'username': u'augustisci', u'profile_picture': u'https://scontent.cdninstagram.com/hphotos-xtp1/t51.2885-19/s150x150/10949039_1667410833544093_1826982460_a.jpg', u'id': u'2175535682', u'full_name': u''}",[]
19,,"{u'created_time': u'1447178847', u'text': u'#photoshoot #beuty #model #nofilter #sminke #mua #makeup #makeupartist #makiazas #instagood #photooftheday  makeup&hair :me  model: @martethorstad  Foto: @kristineeme', u'from': {u'username': u'coccomemakeup', u'profile_picture': u'https://igcdn-photos-b-a.akamaihd.net/hphotos-ak-xat1/t51.2885-19/s150x150/11254129_1473559906290361_986766591_a.jpg', u'id': u'13065568', u'full_name': u'Coccomakeup'}, u'id': u'1115339480262829767'}","{u'count': 0, u'data': []}",1447178847,Normal,1115339470137779205_13065568,"{u'low_resolution': {u'url': u'https://scontent.cdninstagram.com/hphotos-xtf1/t51.2885-15/s320x320/e35/11849095_968716773186126_1258957726_n.jpg', u'width': 320, u'height': 320}, u'thumbnail': {u'url': u'https://scontent.cdninstagram.com/hphotos-xap1/t51.2885-15/s150x150/e35/c0.135.1080.1080/11008104_512839335558460_323274544_n.jpg', u'width': 150, u'height': 150}, u'standard_resolution': {u'url': u'https://scontent.cdninstagram.com/hphotos-xtf1/t51.2885-15/s640x640/sh0.08/e35/11849095_968716773186126_1258957726_n.jpg', u'width': 640, u'height': 640}}","{u'count': 0, u'data': []}",https://instagram.com/p/96e1a5iOQF/,,"[u'nofilter', u'sminke', u'makeupartist', u'makeup', u'instagood', u'mua', u'photooftheday', u'model', u'photoshoot', u'beuty', u'makiazas']",image,"{u'username': u'coccomemakeup', u'profile_picture': u'https://igcdn-photos-b-a.akamaihd.net/hphotos-ak-xat1/t51.2885-19/s150x150/11254129_1473559906290361_986766591_a.jpg', u'id': u'13065568', u'full_name': u'Coccomakeup'}",[]
